Dataset,Model,MAE,RMSE,R2
Math_WithPrev,Baseline,3.64585002403461,4.550180652162387,-0.009709643515769084
Math_WithPrev,Linear,1.495475010052277,2.2432998258963828,0.75457778550435
Math_WithPrev,DecisionTree,1.2995780590717299,2.4966926082939054,0.6960029450886827
Math_WithPrev,RandomForest,1.1150315251525136,1.8562805849835313,0.8319546614480056
Math_WithoutPrev,Baseline,3.64585002403461,4.550180652162387,-0.009709643515769084
Math_WithoutPrev,Linear,3.494849701364216,4.306234278514981,0.09565418606292131
Math_WithoutPrev,DecisionTree,3.3716395418927063,4.3201620550401145,0.08979482281540996
Math_WithoutPrev,RandomForest,3.0145781433124466,3.737904759724337,0.31861010559437486
Portuguese_WithPrev,Baseline,2.3946050096339113,3.1725903070595547,-0.032159804579835916
Portuguese_WithPrev,Linear,0.7554213592640449,1.1987884318097999,0.852631710385228
Portuguese_WithPrev,DecisionTree,0.8318417366946779,1.5954925538253588,0.7389591231440038
Portuguese_WithPrev,RandomForest,0.7645182865866703,1.249993330325382,0.8397734993871557
Portuguese_WithoutPrev,Baseline,2.3946050096339113,3.1725903070595547,-0.032159804579835916
Portuguese_WithoutPrev,Linear,2.1109990281518654,2.841795768162885,0.17185824448235865
Portuguese_WithoutPrev,DecisionTree,2.54921654432524,3.526742078612592,-0.27545856741983
Portuguese_WithoutPrev,RandomForest,2.105781332854927,2.8948120068594445,0.14067056758043783
