FeatureSet,Model,Test_MAE,Test_RMSE,Test_R2
A (Time),Baseline,168.86681376186752,228.0474265742747,-0.123996091509331
A (Time),Linear,162.90017087014508,198.6795614370625,0.14685895832784857
A (Time),DecisionTree,73.85926825757394,115.43958154161636,0.7119791437540658
A (Time),RandomForest,70.61518942605709,111.78809375593922,0.7299118373126205
A (Time),GradBoost,81.59363052677976,118.24011991948741,0.6978349900496263
B (Weather),Baseline,168.86681376186752,228.0474265742747,-0.123996091509331
B (Weather),Linear,144.99280387798044,209.37888432017368,0.052497832376196985
B (Weather),DecisionTree,148.1991586905063,209.2317487394146,0.053829029629683056
B (Weather),RandomForest,144.10860061809962,205.59320864946113,0.086450722245761
B (Weather),GradBoost,141.9051081020107,203.81920343987315,0.10214821695491005
C (Combined),Baseline,168.86681376186752,228.0474265742747,-0.123996091509331
C (Combined),Linear,97.654265122058,133.35182835929666,0.6156628204915455
C (Combined),DecisionTree,97.95837772134128,134.8157945553536,0.6071778206102816
C (Combined),RandomForest,93.05763921556157,124.69449983848627,0.6639460189173629
C (Combined),GradBoost,89.5885187337096,126.52286674036971,0.6540188032006742
