FeatureSet,Model,MAE,RMSE,R2
A (Sensors),Baseline,50.228738603346365,63.152931444819174,-0.6090445820456512
A (Sensors),Linear,36.34719443983067,44.596864939892605,0.19760223932780474
A (Sensors),DecisionTree,36.40390817827628,46.40452772804595,0.13123610757171067
A (Sensors),RandomForest,33.531692216057984,41.77453994847778,0.2959485456624479
B (Sensors+Env),Baseline,50.228738603346365,63.152931444819174,-0.6090445820456512
B (Sensors+Env),Linear,32.14161464144131,41.35623775561165,0.30997774974688663
B (Sensors+Env),DecisionTree,35.161860085001706,44.54457562037019,0.19948274083805517
B (Sensors+Env),RandomForest,31.028410902216336,38.90482290712807,0.38935622552125515
C (All),Baseline,50.228738603346365,63.152931444819174,-0.6090445820456512
C (All),Linear,32.23159682213514,41.12215897189408,0.3177667785656859
C (All),DecisionTree,34.118201028808,43.6736207286424,0.23048082729594432
C (All),RandomForest,31.16619316385064,39.05522676502008,0.384625670135721
